id,first_name,last_name,email,gender
1,Kittie,Ivashev,kivashev0@twitter.com,female
2,Ingemar,Snelgrove,isnelgrove1@cocolog-nifty.com,male
3,Konrad,Crimes,kcrimes2@adobe.com,male
4,Mord,Presnell,mpresnell3@wikia.com,male
5,Willard,Rosenthaler,wrosenthaler4@hostgator.com,male
6,Afton,O'Carroll,aocarroll5@java.com,female
7,Shalne,Bover,sbover6@sina.com.cn,female
8,Julienne,Gavigan,jgavigan7@oracle.com,female
9,Gladys,Sommerlin,gsommerlin8@opera.com,female
10,Skipp,Elvy,selvy9@spotify.com,male
11,Cassondra,Siemons,csiemonsa@netlog.com,female
12,Alberik,Carpenter,acarpenterb@dell.com,male
13,Eduard,Foynes,efoynesc@shutterfly.com,male
14,Cathryn,Shippard,cshippardd@businessinsider.com,female
15,Abe,Kidde,akiddee@answers.com,male
16,Hana,Corrett,hcorrettf@nba.com,female
17,Sunny,Keeler,skeelerg@posterous.com,female
18,Flynn,Ledner,flednerh@hubpages.com,male
19,Clio,Senett,csenetti@businessinsider.com,female
20,Tanhya,Geertsen,tgeertsenj@desdev.cn,female
21,Florencia,Slyne,fslynek@godaddy.com,female
22,Anet,Argile,aargilel@uiuc.edu,female
23,Brady,Casham,bcashamm@weather.com,male
24,Bernard,Benwell,bbenwelln@squidoo.com,male
25,Nissa,Chennells,nchennellso@cyberchimps.com,female
26,Shandee,Hargrove,shargrovep@nsw.gov.au,female
27,Edmund,Jindrak,ejindrakq@hexun.com,male
28,Fields,Dalglish,fdalglishr@army.mil,male
29,Barnaby,Reisenberg,breisenbergs@mediafire.com,male
30,Bobina,MacCostye,bmaccostyet@arstechnica.com,female
31,Angus,Hillitt,ahillittu@weibo.com,male
32,Charlie,Thickpenny,cthickpennyv@intel.com,male
33,Thomasin,Derobert,tderobertw@seesaa.net,female
34,Loise,Clever,lcleverx@bloglovin.com,female
35,Franklin,Bennie,fbenniey@dropbox.com,male
36,Allayne,Morford,amorfordz@cbslocal.com,male
37,Ron,Bellard,rbellard10@wisc.edu,male
38,Laurie,Hall,lhall11@pbs.org,male
39,Agnola,Elsmere,aelsmere12@flickr.com,female
40,Odella,Mollin,omollin13@cornell.edu,female
41,Nikolos,Claypole,nclaypole14@goo.ne.jp,male
42,Rurik,Merriton,rmerriton15@wikimedia.org,male
43,Jolee,Trundler,jtrundler16@si.edu,female
44,Valma,Labbati,vlabbati17@theatlantic.com,female
45,Martica,Goffe,mgoffe18@w3.org,female
46,Ethelin,Hoggin,ehoggin19@ameblo.jp,female
47,Gus,Buckenham,gbuckenham1a@bing.com,female
48,Broddy,D'Alwis,bdalwis1b@slate.com,male
49,Alis,Gallone,agallone1c@berkeley.edu,female
50,Haily,Davidge,hdavidge1d@fc2.com,male
51,Christina,Schober,cschober1e@blogger.com,female
52,Camel,Morsom,cmorsom1f@mail.ru,female
53,Johnna,Iglesia,jiglesia1g@constantcontact.com,female
54,Easter,Feedome,efeedome1h@simplemachines.org,female
55,Kingston,Orrum,korrum1i@harvard.edu,male
56,Gregg,Fearne,gfearne1j@accuweather.com,male
57,Carmon,Nezey,cnezey1k@si.edu,female
58,Daven,Giacometti,dgiacometti1l@usda.gov,male
59,Winni,Bucke,wbucke1m@army.mil,female
60,Jacki,Picknett,jpicknett1n@twitpic.com,female
61,Dyna,Ziemecki,dziemecki1o@forbes.com,female
62,Warner,Glazer,wglazer1p@nhs.uk,male
63,Karl,Bly,kbly1q@indiatimes.com,male
64,Eleonore,Ibbetson,eibbetson1r@macromedia.com,female
65,Karlis,Danelutti,kdanelutti1s@latimes.com,male
66,Abagail,Champion,achampion1t@dot.gov,female
67,Johnette,Rieme,jrieme1u@github.com,female
68,Michaela,Bienvenu,mbienvenu1v@goo.gl,female
69,Bat,Keneford,bkeneford1w@hexun.com,male
70,Burty,Telford,btelford1x@bandcamp.com,male
71,Jo,Bodd,jbodd1y@comsenz.com,male
72,Hewitt,Benford,hbenford1z@gnu.org,male
73,Krispin,Mogenot,kmogenot20@wunderground.com,male
74,Lauree,Attwoull,lattwoull21@adobe.com,female
75,Edee,Chesnut,echesnut22@so-net.ne.jp,female
76,Regina,Stiell,rstiell23@ehow.com,female
77,Sharyl,Masterman,smasterman24@foxnews.com,female
78,Zulema,Larderot,zlarderot25@cnbc.com,female
79,Timoteo,Snookes,tsnookes26@instagram.com,male
80,Sarina,Postin,spostin27@people.com.cn,female
81,Jammal,MacKeague,jmackeague28@slashdot.org,male
82,Verina,Baggaley,vbaggaley29@fda.gov,female
83,Breanne,Verduin,bverduin2a@huffingtonpost.com,female
84,Tallie,Smythin,tsmythin2b@google.de,male
85,Toby,Scheffel,tscheffel2c@thetimes.co.uk,male
86,Alex,Bayle,abayle2d@java.com,male
87,Jewelle,Bruineman,jbruineman2e@devhub.com,female
88,Laurence,Segges,lsegges2f@sphinn.com,male
89,Shoshanna,Elgey,selgey2g@yolasite.com,female
90,Emmalyn,Carslake,ecarslake2h@google.co.uk,female
91,Corbie,Enrique,cenrique2i@xrea.com,male
92,Latisha,Paton,lpaton2j@auda.org.au,female
93,Ilse,Croizier,icroizier2k@photobucket.com,female
94,Filip,Tunnah,ftunnah2l@fastcompany.com,male
95,Quintus,Sawood,qsawood2m@oracle.com,male
96,Kathye,Chorlton,kchorlton2n@goo.gl,female
97,Farlee,Ranyard,franyard2o@ucla.edu,male
98,Bert,Deerr,bdeerr2p@1688.com,male
99,Gene,Nazer,gnazer2q@sourceforge.net,female
100,Eduardo,Serfati,eserfati2r@elpais.com,male
101,Ava,Follin,afollin2s@de.vu,female
102,Huntley,Belding,hbelding2t@virginia.edu,male
103,Ibby,Holberry,iholberry2u@europa.eu,female
104,Charlot,Upjohn,cupjohn2v@cmu.edu,female
105,Melitta,Hunnisett,mhunnisett2w@chronoengine.com,female
106,Danice,Waby,dwaby2x@naver.com,female
107,Roselia,Gaynor,rgaynor2y@home.pl,female
108,Gaston,Lightman,glightman2z@1und1.de,male
109,Craig,Duguid,cduguid30@amazon.de,male
110,Emelina,Lamcken,elamcken31@so-net.ne.jp,female
111,Anatollo,Whorlow,awhorlow32@flavors.me,male
112,Corri,Longrigg,clongrigg33@ted.com,female
113,Torin,Pardey,tpardey34@cpanel.net,male
114,Jillayne,Nerne,jnerne35@independent.co.uk,female
115,Moira,Ramelet,mramelet36@quantcast.com,female
116,Simon,Abbes,sabbes37@jimdo.com,male
117,Winfield,Littlejohns,wlittlejohns38@friendfeed.com,male
118,Karlotta,Barrowclough,kbarrowclough39@ask.com,female
119,Alberik,Swanger,aswanger3a@aol.com,male
120,Tann,Keetch,tkeetch3b@hugedomains.com,male
121,Danny,Toone,dtoone3c@epa.gov,female
122,Hamlen,Eagers,heagers3d@people.com.cn,male
123,Langsdon,Ferrie,lferrie3e@barnesandnoble.com,male
124,Chrisy,Bean,cbean3f@1und1.de,male
125,Nonie,Shawl,nshawl3g@usatoday.com,female
126,Meredith,Burnup,mburnup3h@scribd.com,male
127,Erena,Denacamp,edenacamp3i@seattletimes.com,female
128,Kenny,Youll,kyoull3j@google.com.au,male
129,Oby,Lissaman,olissaman3k@symantec.com,male
130,Sella,Lenden,slenden3l@cmu.edu,female
131,Damon,Durkin,ddurkin3m@discuz.net,male
132,Sophie,Greson,sgreson3n@microsoft.com,female
133,Denys,Foot,dfoot3o@nydailynews.com,male
134,Freeland,Cartledge,fcartledge3p@freewebs.com,male
135,Antin,Dilliway,adilliway3q@ehow.com,male
136,Stevy,Olenchikov,solenchikov3r@jiathis.com,male
137,Blane,Hawker,bhawker3s@mlb.com,male
138,Julianne,Sully,jsully3t@harvard.edu,female
139,Amity,Carlile,acarlile3u@archive.org,female
140,Lorri,Espinheira,lespinheira3v@fastcompany.com,female
141,Luelle,McGrouther,lmcgrouther3w@patch.com,female
142,Francyne,Castells,fcastells3x@gov.uk,female
143,Kirk,Kevern,kkevern3y@princeton.edu,male
144,Cami,Deacock,cdeacock3z@feedburner.com,female
145,Gweneth,Ruos,gruos40@ocn.ne.jp,female
146,Tanner,Jiroutka,tjiroutka41@japanpost.jp,male
147,Jammie,Deniso,jdeniso42@ask.com,female
148,Joann,O'Bradain,jobradain43@wikispaces.com,female
149,Shelley,Feild,sfeild44@whitehouse.gov,male
150,Fred,Campsall,fcampsall45@youtube.com,male
151,Dorie,Bonfield,dbonfield46@china.com.cn,male
152,Shantee,McGonnell,smcgonnell47@pinterest.com,female
153,Forest,Aupol,faupol48@gizmodo.com,male
154,Say,Betchley,sbetchley49@springer.com,male
155,Warren,Doblin,wdoblin4a@census.gov,male
156,Devonne,Cantillon,dcantillon4b@samsung.com,female
157,Emilee,Imloch,eimloch4c@yelp.com,female
158,Cyrille,Depka,cdepka4d@yolasite.com,male
159,Cornell,Astbery,castbery4e@earthlink.net,male
160,Kathlin,Ellings,kellings4f@blinklist.com,female
161,Briggs,McKelvey,bmckelvey4g@imdb.com,male
162,Manuel,Drewell,mdrewell4h@pen.io,male
163,Elmore,Dring,edring4i@disqus.com,male
164,Halli,Tortis,htortis4j@yolasite.com,female
165,Nikolai,Follows,nfollows4k@trellian.com,male
166,Laryssa,Rodson,lrodson4l@mapy.cz,female
167,Rubetta,Watkin,rwatkin4m@yelp.com,female
168,Simon,Raspel,sraspel4n@indiegogo.com,male
169,Gustaf,Gooch,ggooch4o@flavors.me,male
170,Sophi,Jouning,sjouning4p@vk.com,female
171,Hall,Huffey,hhuffey4q@zimbio.com,male
172,Jamal,Fray,jfray4r@illinois.edu,male
173,Faun,Schiesterl,fschiesterl4s@cbslocal.com,female
174,Fidel,Shearman,fshearman4t@nytimes.com,male
175,Susi,Hatherall,shatherall4u@theguardian.com,female
176,Duffy,Eppson,deppson4v@last.fm,male
177,Vivianne,Eplate,veplate4w@time.com,female
178,Ode,Polak,opolak4x@census.gov,male
179,Junette,Keeping,jkeeping4y@rediff.com,female
180,Minna,Keepin,mkeepin4z@sakura.ne.jp,female
181,Gusti,Marginson,gmarginson50@4shared.com,female
182,Amos,Banishevitz,abanishevitz51@macromedia.com,male
183,Alaine,Hudleston,ahudleston52@elegantthemes.com,female
184,Stavro,Sutch,ssutch53@123-reg.co.uk,male
185,Byron,Bennen,bbennen54@spotify.com,male
186,Rabbi,Gurton,rgurton55@addtoany.com,male
187,Fee,Franciottoi,ffranciottoi56@weebly.com,male
188,Amandy,Kerrich,akerrich57@spotify.com,female
189,Haywood,Launder,hlaunder58@123-reg.co.uk,male
190,Padriac,Wisdish,pwisdish59@stumbleupon.com,male
191,Travers,Maha,tmaha5a@exblog.jp,male
192,Evelin,Dallander,edallander5b@google.com,male
193,Buckie,Mossom,bmossom5c@sciencedaily.com,male
194,Levi,Hare,lhare5d@yale.edu,male
195,William,Beric,wberic5e@sbwire.com,male
196,Silas,Sullivan,ssullivan5f@sourceforge.net,male
197,Elvira,Brisbane,ebrisbane5g@google.co.jp,female
198,Jared,Rigbye,jrigbye5h@gravatar.com,male
199,Arni,Stonary,astonary5i@dailymail.co.uk,male
200,Chelsae,Murrigan,cmurrigan5j@ehow.com,female
201,Suzi,Piddick,spiddick5k@npr.org,female
202,Zulema,Paulig,zpaulig5l@w3.org,female
203,Nilson,Cohrs,ncohrs5m@blogger.com,male
204,Giorgi,Pindred,gpindred5n@timesonline.co.uk,male
205,Josy,Downes,jdownes5o@github.io,female
206,Lolita,Sent,lsent5p@oracle.com,female
207,Ilsa,Kocher,ikocher5q@imageshack.us,female
208,Jessie,Hurdman,jhurdman5r@google.it,male
209,Kale,Cutforth,kcutforth5s@biglobe.ne.jp,male
210,Cori,Avrahm,cavrahm5t@huffingtonpost.com,male
211,Gelya,Mowat,gmowat5u@fotki.com,female
212,Rubetta,Ortner,rortner5v@sciencedaily.com,female
213,Claudelle,Bonifacio,cbonifacio5w@ox.ac.uk,female
214,Lynnea,McKellar,lmckellar5x@phoca.cz,female
215,Rudie,Cicero,rcicero5y@nyu.edu,male
216,Carol,Gierek,cgierek5z@mlb.com,female
217,Idaline,Apfel,iapfel60@wikimedia.org,female
218,Welby,Fluck,wfluck61@imgur.com,male
219,Chelsy,Waddup,cwaddup62@wikimedia.org,female
220,Mick,Dewsnap,mdewsnap63@senate.gov,male
221,Wake,Pook,wpook64@deliciousdays.com,male
222,Willy,Gravenall,wgravenall65@bbc.co.uk,male
223,Isis,Hostan,ihostan66@etsy.com,female
224,Temp,de Cullip,tdecullip67@phpbb.com,male
225,Konrad,Nelm,knelm68@free.fr,male
226,Leigh,Gottelier,lgottelier69@howstuffworks.com,female
227,Barny,Delacour,bdelacour6a@ftc.gov,male
228,Dulcine,Peer,dpeer6b@de.vu,female
229,Annie,Shinfield,ashinfield6c@acquirethisname.com,female
230,Zack,Abry,zabry6d@earthlink.net,male
231,Jenda,Foulstone,jfoulstone6e@seattletimes.com,female
232,Rob,Aindriu,raindriu6f@opera.com,male
233,Sibyl,Jarville,sjarville6g@wix.com,female
234,Taddeo,Allport,tallport6h@google.com.hk,male
235,Nady,Rambaut,nrambaut6i@booking.com,female
236,Reeba,Costen,rcosten6j@paginegialle.it,female
237,Inesita,Gegg,igegg6k@multiply.com,female
238,Marcella,O'Cannavan,mocannavan6l@answers.com,female
239,Kat,Mocker,kmocker6m@wikispaces.com,female
240,Hailey,Fike,hfike6n@sakura.ne.jp,male
241,Ulick,Castane,ucastane6o@google.es,male
242,Ebenezer,Kimber,ekimber6p@technorati.com,male
243,Nelia,Mordin,nmordin6q@ucsd.edu,female
244,Javier,Hellwing,jhellwing6r@gizmodo.com,male
245,Tome,Hayer,thayer6s@1und1.de,male
246,Barclay,Duffin,bduffin6t@ucla.edu,male
247,Claudia,Canham,ccanham6u@4shared.com,female
248,Granny,Tratton,gtratton6v@delicious.com,male
249,Yvon,Hallihane,yhallihane6w@opensource.org,male
250,Ted,Mandre,tmandre6x@epa.gov,male
251,Errol,Kellick,ekellick6y@microsoft.com,male
252,Annabell,Hartright,ahartright6z@networksolutions.com,female
253,Tessi,Keningley,tkeningley70@com.com,female
254,Antons,Belsey,abelsey71@mlb.com,male
255,Shandee,Batch,sbatch72@ocn.ne.jp,female
256,Filippa,Dunstone,fdunstone73@reverbnation.com,female
257,Donn,Devonside,ddevonside74@sbwire.com,male
258,Richy,McGilroy,rmcgilroy75@feedburner.com,male
259,Giacomo,Ducarel,gducarel76@trellian.com,male
260,Livvy,Tayt,ltayt77@kickstarter.com,female
261,Marie-ann,Leithgoe,mleithgoe78@yolasite.com,female
262,Vinny,Hadlington,vhadlington79@hubpages.com,male
263,Tally,Jeffry,tjeffry7a@narod.ru,female
264,Guss,Hartridge,ghartridge7b@reuters.com,male
265,Ramsay,Kilty,rkilty7c@youtube.com,male
266,Riley,O' Sullivan,rosullivan7d@cbsnews.com,male
267,Fidelio,Grishenkov,fgrishenkov7e@w3.org,male
268,Albie,Niemetz,aniemetz7f@va.gov,male
269,Erica,Hlavecek,ehlavecek7g@ezinearticles.com,female
270,Melisande,Ancell,mancell7h@npr.org,female
271,Leland,Dumbarton,ldumbarton7i@timesonline.co.uk,female
272,Ericha,Towl,etowl7j@so-net.ne.jp,female
273,Almeta,Euesden,aeuesden7k@t.co,female
274,Niki,Hembery,nhembery7l@ihg.com,female
275,Francyne,Martinek,fmartinek7m@oracle.com,female
276,Haily,Wynne,hwynne7n@wufoo.com,male
277,Mariska,Reedyhough,mreedyhough7o@t-online.de,female
278,Celina,Michieli,cmichieli7p@github.io,female
279,Lynnet,Warne,lwarne7q@unesco.org,female
280,Ilse,Furtado,ifurtado7r@jalbum.net,female
281,Priscella,Tidridge,ptidridge7s@ifeng.com,female
282,Inness,Weild,iweild7t@biblegateway.com,male
283,Bobbye,Screen,bscreen7u@salon.com,female
284,Dirk,Oven,doven7v@cmu.edu,male
285,Jake,Glisane,jglisane7w@so-net.ne.jp,male
286,Margret,Goakes,mgoakes7x@loc.gov,female
287,Blake,Scola,bscola7y@adobe.com,female
288,Calley,Lowton,clowton7z@harvard.edu,female
289,Karlens,Wisdom,kwisdom80@squarespace.com,male
290,Stern,Dunham,sdunham81@bbb.org,male
291,Jyoti,Overal,joveral82@g.co,female
292,Chiquia,Irvine,cirvine83@noaa.gov,female
293,Louisa,Mattiuzzi,lmattiuzzi84@mapy.cz,female
294,Elissa,Bene,ebene85@msn.com,female
295,Goldy,Corsar,gcorsar86@behance.net,female
296,Boyd,Brussell,bbrussell87@yandex.ru,male
297,Dede,Widdison,dwiddison88@google.nl,female
298,Sharity,Hitzke,shitzke89@mapquest.com,female
299,Sauveur,Tarte,starte8a@ask.com,male
300,Sukey,Heintzsch,sheintzsch8b@irs.gov,female
301,Nelle,Overington,noverington8c@squidoo.com,female
302,Vlad,Perillo,vperillo8d@berkeley.edu,male
303,Liesa,Thibodeaux,lthibodeaux8e@globo.com,female
304,Dov,Ghent,dghent8f@flickr.com,male
305,Nyssa,Crellin,ncrellin8g@ocn.ne.jp,female
306,Fred,Bleackly,fbleackly8h@chicagotribune.com,male
307,Jordon,Aslin,jaslin8i@hostgator.com,male
308,Simonette,Larcombe,slarcombe8j@amazon.com,female
309,Max,Falconer,mfalconer8k@cocolog-nifty.com,male
310,Alis,Shortell,ashortell8l@google.ru,female
311,Leanna,Stiegar,lstiegar8m@people.com.cn,female
312,Maddy,Fewtrell,mfewtrell8n@biglobe.ne.jp,female
313,Gabrielle,Belk,gbelk8o@mlb.com,female
314,Alvin,Shillaker,ashillaker8p@digg.com,male
315,Cookie,Hindes,chindes8q@xing.com,female
316,Smith,Goford,sgoford8r@nba.com,male
317,Stewart,Clampe,sclampe8s@java.com,male
318,Eddie,Fend,efend8t@dot.gov,female
319,Melamie,Parkman,mparkman8u@storify.com,female
320,Chaddie,Potier,cpotier8v@tuttocitta.it,male
321,Wallache,Janaszkiewicz,wjanaszkiewicz8w@pinterest.com,male
322,Sinclair,Ethelston,sethelston8x@redcross.org,male
323,Den,MacCarrick,dmaccarrick8y@hud.gov,male
324,Bendite,Ceschi,bceschi8z@si.edu,female
325,Bianka,Tindle,btindle90@amazon.de,female
326,Horton,Sherston,hsherston91@stumbleupon.com,male
327,Annabela,Fulker,afulker92@webeden.co.uk,female
328,Rhianon,Oulett,roulett93@imdb.com,female
329,Loralie,Issakov,lissakov94@friendfeed.com,female
330,Perkin,Navarijo,pnavarijo95@va.gov,male
331,Nelie,Danielovitch,ndanielovitch96@sciencedirect.com,female
332,Arden,Lambot,alambot97@prlog.org,female
333,Teodorico,Storkes,tstorkes98@bbc.co.uk,male
334,Rossy,Sartin,rsartin99@bluehost.com,male
335,Bari,Britzius,bbritzius9a@is.gd,female
336,Maude,Furmston,mfurmston9b@bing.com,female
337,Kristien,Gilpin,kgilpin9c@wordpress.com,female
338,Algernon,Surguine,asurguine9d@virginia.edu,male
339,Darryl,Moorman,dmoorman9e@eventbrite.com,male
340,Scott,Adams,sadams9f@msu.edu,male
341,Towny,Deners,tdeners9g@gnu.org,male
342,Em,Brand,ebrand9h@guardian.co.uk,male
343,Lisbeth,Ciepluch,lciepluch9i@stumbleupon.com,female
344,Gardie,Phelit,gphelit9j@imdb.com,male
345,Dex,Fake,dfake9k@usgs.gov,male
346,Skippie,Giraux,sgiraux9l@mapy.cz,male
347,Darb,Druhan,ddruhan9m@wikipedia.org,female
348,Valentijn,Durtnel,vdurtnel9n@statcounter.com,male
349,Jules,Haslegrave,jhaslegrave9o@yellowpages.com,male
350,Eula,Blundel,eblundel9p@chron.com,female
351,Felice,Insley,finsley9q@uiuc.edu,female
352,Shayne,Wildman,swildman9r@whitehouse.gov,male
353,Ollie,Brearton,obrearton9s@jimdo.com,male
354,Roma,Martinets,rmartinets9t@hugedomains.com,male
355,Danita,Sullly,dsullly9u@ox.ac.uk,female
356,Godfry,Cardenosa,gcardenosa9v@geocities.jp,male
357,Cosmo,Muris,cmuris9w@businessinsider.com,male
358,Pansie,Blindmann,pblindmann9x@naver.com,female
359,Caitlin,Cheater,ccheater9y@eepurl.com,female
360,Leese,Hastwell,lhastwell9z@biglobe.ne.jp,female
361,Hermon,Gammack,hgammacka0@pbs.org,male
362,Consolata,Bawme,cbawmea1@odnoklassniki.ru,female
363,Karin,Lettson,klettsona2@psu.edu,female
364,Amandy,Gavey,agaveya3@vimeo.com,female
365,Phylis,Currington,pcurringtona4@shareasale.com,female
366,Valaree,Edgerly,vedgerlya5@toplist.cz,female
367,Margi,Matthessen,mmatthessena6@smugmug.com,female
368,Marisa,Laird-Craig,mlairdcraiga7@accuweather.com,female
369,Cord,Benion,cbeniona8@blogger.com,male
370,Anstice,Juden,ajudena9@cloudflare.com,female
371,Stella,Pfeffer,spfefferaa@pbs.org,female
372,Colleen,Gaitskill,cgaitskillab@dailymotion.com,female
373,Lenka,Beaglehole,lbeagleholeac@yahoo.co.jp,female
374,Pauli,Yokel,pyokelad@sourceforge.net,female
375,Vittorio,Thorsby,vthorsbyae@utexas.edu,male
376,Ashley,Haine,ahaineaf@blinklist.com,male
377,Gwendolin,Kennon,gkennonag@dailymotion.com,female
378,Austine,O'Deegan,aodeeganah@omniture.com,female
379,Palm,Bengtsen,pbengtsenai@blog.com,male
380,Daveen,Lugg,dluggaj@dagondesign.com,female
381,Kip,Cogin,kcoginak@ifeng.com,male
382,Raviv,Flobert,rflobertal@seattletimes.com,male
383,Farica,Enrico,fenricoam@creativecommons.org,female
384,Kristine,Deelay,kdeelayan@storify.com,female
385,Pebrook,Wolledge,pwolledgeao@hhs.gov,male
386,Ortensia,Gres,ogresap@vimeo.com,female
387,Tan,Rodliff,trodliffaq@spiegel.de,male
388,Hiram,Hissie,hhissiear@g.co,male
389,Janelle,Crewe,jcreweas@live.com,female
390,Marinna,Henkmann,mhenkmannat@discuz.net,female
391,Pietrek,Sawrey,psawreyau@geocities.jp,male
392,Gilly,Van de Castele,gvandecasteleav@xing.com,female
393,Kingsley,Kose,kkoseaw@trellian.com,male
394,Aguie,Kremer,akremerax@themeforest.net,male
395,Emilie,Sighart,esighartay@taobao.com,female
396,Hyacintha,Varden,hvardenaz@examiner.com,female
397,Aviva,Scotchmor,ascotchmorb0@netvibes.com,female
398,Lauree,Thorn,lthornb1@latimes.com,female
399,Hart,Pirouet,hpirouetb2@hao123.com,male
400,Marten,Antonelli,mantonellib3@slashdot.org,male
401,Giacomo,Annatt,gannattb4@aol.com,male
402,Gary,Godwin,ggodwinb5@ftc.gov,male
403,Marlon,Chansonne,mchansonneb6@blogspot.com,male
404,Charmane,Cutler,ccutlerb7@opera.com,female
405,Land,Oleksiak,loleksiakb8@pcworld.com,male
406,Allix,Haighton,ahaightonb9@npr.org,female
407,Yvette,Darleston,ydarlestonba@seesaa.net,female
408,Junia,Slowgrove,jslowgrovebb@wunderground.com,female
409,Emmit,Eley,eeleybc@fc2.com,male
410,Bevon,Hugo,bhugobd@npr.org,male
411,Cori,Walkling,cwalklingbe@discovery.com,male
412,Roanna,Sifleet,rsifleetbf@ihg.com,female
413,Paule,Woolfitt,pwoolfittbg@senate.gov,female
414,Janos,Farncombe,jfarncombebh@apple.com,male
415,Ferdy,Pester,fpesterbi@hao123.com,male
416,Kile,Wherton,kwhertonbj@rambler.ru,male
417,Darcy,Maymand,dmaymandbk@godaddy.com,male
418,Merrill,Sharma,msharmabl@smugmug.com,female
419,Denyse,Osgood,dosgoodbm@apple.com,female
420,Noll,Jobson,njobsonbn@wunderground.com,male
421,Dorotea,Haddleton,dhaddletonbo@blinklist.com,female
422,Gilli,Swire,gswirebp@europa.eu,female
423,Kirby,Kellington,kkellingtonbq@joomla.org,male
424,Onfroi,Pennington,openningtonbr@unesco.org,male
425,Barth,Delamar,bdelamarbs@unesco.org,male
426,Carma,Brazear,cbrazearbt@nasa.gov,female
427,Muriel,Roskam,mroskambu@upenn.edu,female
428,Ronica,Ballendine,rballendinebv@goo.ne.jp,female
429,Brear,Faires,bfairesbw@youtu.be,female
430,Aveline,Monier,amonierbx@yahoo.com,female
431,Florida,Sommerled,fsommerledby@unesco.org,female
432,Leona,Stacey,lstaceybz@weebly.com,female
433,Cece,Ciotti,cciottic0@nymag.com,male
434,Hanson,Lusk,hluskc1@elpais.com,male
435,Nickie,Jewitt,njewittc2@nhs.uk,male
436,Estrella,Crunden,ecrundenc3@macromedia.com,female
437,Hamnet,Nusche,hnuschec4@dot.gov,male
438,Mehetabel,Ghio,mghioc5@ft.com,female
439,Loralie,Southern,lsouthernc6@nature.com,female
440,Leeland,Pontin,lpontinc7@youtube.com,male
441,Olav,Phillipps,ophillippsc8@youtube.com,male
442,Gottfried,Gellately,ggellatelyc9@illinois.edu,male
443,Hill,Cool,hcoolca@xing.com,male
444,Lilias,Bareham,lbarehamcb@newyorker.com,female
445,Bastian,Birckmann,bbirckmanncc@latimes.com,male
446,Andra,Duckit,aduckitcd@forbes.com,female
447,Saleem,Thumnel,sthumnelce@alibaba.com,male
448,Thedric,Barthelmes,tbarthelmescf@rakuten.co.jp,male
449,Lucia,Chezier,lcheziercg@unicef.org,female
450,Sandor,Butler-Bowdon,sbutlerbowdonch@zdnet.com,male
451,Perkin,Petticrew,ppetticrewci@cbslocal.com,male
452,Andonis,Lanegran,alanegrancj@economist.com,male
453,Hewie,McGuigan,hmcguiganck@plala.or.jp,male
454,Steward,Ferencz,sferenczcl@meetup.com,male
455,Rory,Macellar,rmacellarcm@youku.com,female
456,Diane-marie,McKeating,dmckeatingcn@prnewswire.com,female
457,Deena,Orneblow,dorneblowco@pen.io,female
458,Vassily,Buckmaster,vbuckmastercp@sitemeter.com,male
459,Tamqrah,Lygo,tlygocq@dmoz.org,female
460,Waverley,Becerra,wbecerracr@home.pl,male
461,Pail,Sivyour,psivyourcs@google.it,male
462,Corri,Pitrollo,cpitrolloct@is.gd,female
463,Ric,Butteris,rbutteriscu@histats.com,male
464,Diane,Penas,dpenascv@bbc.co.uk,female
465,Tabb,Holsall,tholsallcw@amazon.com,male
466,Pearle,Cannon,pcannoncx@wisc.edu,female
467,Maurene,Haggleton,mhaggletoncy@epa.gov,female
468,Chelsey,Colwill,ccolwillcz@washington.edu,female
469,Dov,Axworthy,daxworthyd0@so-net.ne.jp,male
470,Esmaria,Hounsome,ehounsomed1@seesaa.net,female
471,Rodney,Elvey,relveyd2@goo.ne.jp,male
472,Adelaida,Roxburgh,aroxburghd3@amazon.com,female
473,Clemens,Ellwell,cellwelld4@oaic.gov.au,male
474,Theresita,Merrick,tmerrickd5@dailymail.co.uk,female
475,Munmro,Truter,mtruterd6@oakley.com,male
476,Egor,Di Ruggiero,ediruggierod7@qq.com,male
477,Patty,Silbermann,psilbermannd8@elpais.com,male
478,Tracey,Aikett,taikettd9@jimdo.com,female
479,Shandie,Eddison,seddisonda@blogspot.com,female
480,Mandie,Pendlebury,mpendleburydb@businessweek.com,female
481,Aloin,Wixon,awixondc@chicagotribune.com,male
482,Yorker,Swyer,yswyerdd@umn.edu,male
483,Kyle,Skeemer,kskeemerde@mediafire.com,female
484,Tallulah,Shakesby,tshakesbydf@sphinn.com,female
485,Allister,Nickoll,anickolldg@hugedomains.com,male
486,Boothe,O' Mullan,bomullandh@hhs.gov,male
487,Dore,Edleston,dedlestondi@e-recht24.de,male
488,Haywood,Jenteau,hjenteaudj@hao123.com,male
489,Hatti,Haet,hhaetdk@instagram.com,female
490,Launce,Larsen,llarsendl@google.com.hk,male
491,Abram,Marcombe,amarcombedm@diigo.com,male
492,Mariellen,Whitloe,mwhitloedn@nydailynews.com,female
493,Ashil,Magnus,amagnusdo@ucoz.ru,female
494,Karl,Stovin,kstovindp@typepad.com,male
495,Avery,Rambadt,arambadtdq@princeton.edu,male
496,Barry,Singyard,bsingyarddr@youtube.com,male
497,Lauri,Benoiton,lbenoitonds@sun.com,female
498,Evin,Robberecht,erobberechtdt@google.es,male
499,Briant,Deboo,bdeboodu@squarespace.com,male
500,Duncan,Tym,dtymdv@quantcast.com,male
501,Woodman,Gladwish,wgladwishdw@mac.com,male
502,Truman,Allenby,tallenbydx@ovh.net,male
503,Jaime,Cazin,jcazindy@biglobe.ne.jp,male
504,Berenice,Poore,bpooredz@umn.edu,female
505,Kori,Wanley,kwanleye0@constantcontact.com,female
506,Burke,Mitchley,bmitchleye1@mit.edu,male
507,Fonsie,McIndoe,fmcindoee2@berkeley.edu,male
508,Maurine,Mathis,mmathise3@latimes.com,female
509,Collette,Porritt,cporritte4@deliciousdays.com,female
510,Delainey,Bracey,dbraceye5@nifty.com,male
511,Kristoforo,Ringham,kringhame6@mediafire.com,male
512,Artie,Johansen,ajohansene7@github.com,male
513,Devlin,Clementet,dclementete8@wufoo.com,male
514,Rae,Blunderfield,rblunderfielde9@multiply.com,female
515,Liam,Attenbrow,lattenbrowea@washingtonpost.com,male
516,Doroteya,Bisatt,dbisatteb@usgs.gov,female
517,Brennen,Asel,baselec@wikispaces.com,male
518,Bar,Steptowe,bsteptoweed@microsoft.com,male
519,Nicolle,Shama,nshamaee@skype.com,female
520,Eva,Dehm,edehmef@google.com.au,female
521,Caryl,Mebes,cmebeseg@geocities.jp,male
522,Ennis,Digweed,edigweedeh@google.it,male
523,Bradley,Road,broadei@disqus.com,male
524,Kippy,Starbuck,kstarbuckej@taobao.com,female
525,Virginie,Linny,vlinnyek@telegraph.co.uk,female
526,Clarey,Brabender,cbrabenderel@theguardian.com,female
527,Jaymee,Robet,jrobetem@dedecms.com,female
528,Eulalie,Garshore,egarshoreen@about.me,female
529,Bordie,Pieche,bpiecheeo@admin.ch,male
530,Hanni,Krimmer,hkrimmerep@usgs.gov,female
531,Hank,Wahncke,hwahnckeeq@stanford.edu,male
532,Susie,Maskill,smaskiller@slate.com,female
533,Tabbie,Gauld,tgauldes@ovh.net,male
534,Veronica,Simonyi,vsimonyiet@geocities.jp,female
535,Fred,Osant,fosanteu@t.co,male
536,Nicky,McAusland,nmcauslandev@imgur.com,male
537,Belva,Shefton,bsheftonew@cnbc.com,female
538,Grace,Hattam,ghattamex@blogtalkradio.com,female
539,Tillie,Waldrum,twaldrumey@yale.edu,female
540,Udell,Bloom,ubloomez@meetup.com,male
541,Berkie,Shurville,bshurvillef0@tamu.edu,male
542,Eleonore,Treen,etreenf1@pcworld.com,female
543,Langston,Leppingwell,lleppingwellf2@nyu.edu,male
544,Gabriele,Jacobowits,gjacobowitsf3@disqus.com,male
545,Murdock,Clue,mcluef4@addthis.com,male
546,Jeralee,Kemston,jkemstonf5@psu.edu,female
547,Damian,Van Halen,dvanhalenf6@altervista.org,male
548,Ediva,O'Lyhane,eolyhanef7@xing.com,female
549,Creight,de Clerc,cdeclercf8@statcounter.com,male
550,Nixie,Noyce,nnoycef9@rakuten.co.jp,female
551,Kelcie,Erskin,kerskinfa@discovery.com,female
552,Johnny,O' Lone,jolonefb@dot.gov,male
553,Vanda,Taffee,vtaffeefc@jimdo.com,female
554,Robby,Ding,rdingfd@is.gd,female
555,Lurette,Trobey,ltrobeyfe@foxnews.com,female
556,Abner,Berthe,abertheff@slate.com,male
557,Alexine,Predohl,apredohlfg@earthlink.net,female
558,Leah,Nornable,lnornablefh@typepad.com,female
559,Adler,Ivashkin,aivashkinfi@imgur.com,male
560,Aurelea,Trahair,atrahairfj@163.com,female
561,Olympe,Spellesy,ospellesyfk@ifeng.com,female
562,Odilia,Yesenin,oyeseninfl@biglobe.ne.jp,female
563,Arlin,Chape,achapefm@archive.org,male
564,Gui,Grogono,ggrogonofn@unc.edu,female
565,Charis,Martynka,cmartynkafo@altervista.org,female
566,Whittaker,Reiling,wreilingfp@oracle.com,male
567,Percival,Dutt,pduttfq@netlog.com,male
568,Cass,Frenzl,cfrenzlfr@t.co,male
569,Dickie,Geekin,dgeekinfs@4shared.com,male
570,Dallas,Clapperton,dclappertonft@howstuffworks.com,female
571,Liam,Streatfield,lstreatfieldfu@biblegateway.com,male
572,Yvette,Tether,ytetherfv@ted.com,female
573,Byrom,Hawkins,bhawkinsfw@apache.org,male
574,Jobi,Gateley,jgateleyfx@time.com,female
575,Edi,Dukes,edukesfy@blogspot.com,female
576,Briano,Griswaite,bgriswaitefz@vk.com,male
577,Siward,Angless,sanglessg0@slideshare.net,male
578,Kory,O'Concannon,koconcannong1@trellian.com,male
579,Dirk,Pinar,dpinarg2@hugedomains.com,male
580,Heriberto,Churcher,hchurcherg3@ed.gov,male
581,Penny,Skelcher,pskelcherg4@un.org,male
582,Zerk,Bane,zbaneg5@nps.gov,male
583,Norry,Squirrel,nsquirrelg6@blogs.com,female
584,Chris,Laidler,claidlerg7@hibu.com,male
585,Falkner,Gumery,fgumeryg8@friendfeed.com,male
586,Clark,Vickar,cvickarg9@globo.com,male
587,Bessie,Edson,bedsonga@uol.com.br,female
588,Elvina,Tumayan,etumayangb@nsw.gov.au,female
589,Vladimir,Saffin,vsaffingc@mapy.cz,male
590,Harland,Eam,heamgd@sina.com.cn,male
591,Toddy,Weatherup,tweatherupge@telegraph.co.uk,male
592,Lilith,Heads,lheadsgf@geocities.com,female
593,Ricardo,Hazelby,rhazelbygg@businessinsider.com,male
594,Noellyn,Danielut,ndanielutgh@google.ca,female
595,Cherise,Legier,clegiergi@disqus.com,female
596,Dougie,Scothorn,dscothorngj@instagram.com,male
597,Novelia,Smowton,nsmowtongk@pagesperso-orange.fr,female
598,Kelila,Yegorev,kyegorevgl@shinystat.com,female
599,Cathrine,Wrixon,cwrixongm@ucla.edu,female
600,Melba,Calderonello,mcalderonellogn@theatlantic.com,female
601,Vladamir,Mathiassen,vmathiassengo@redcross.org,male
602,Faustine,Linskey,flinskeygp@stanford.edu,female
603,Portia,Delgado,pdelgadogq@deliciousdays.com,female
604,Karolina,Chaudhry,kchaudhrygr@blogspot.com,female
605,Arv,MacMaster,amacmastergs@npr.org,male
606,Norton,Piccard,npiccardgt@mtv.com,male
607,Kale,Gowdridge,kgowdridgegu@dyndns.org,male
608,Parsifal,Selwyn,pselwyngv@marriott.com,male
609,Erv,Waryk,ewarykgw@blinklist.com,male
610,Kristen,Devenport,kdevenportgx@aol.com,female
611,Donnie,Hethron,dhethrongy@webs.com,female
612,Russ,Sliman,rslimangz@si.edu,male
613,Smith,Dumbell,sdumbellh0@mozilla.org,male
614,Gustavus,Harbron,gharbronh1@theglobeandmail.com,male
615,Rheba,Chicken,rchickenh2@msu.edu,female
616,Lev,Gasquoine,lgasquoineh3@multiply.com,male
617,Ailey,Jikovsky,ajikovskyh4@blogspot.com,female
618,Gavan,Taylour,gtaylourh5@chron.com,male
619,Hayden,Pally,hpallyh6@google.ru,male
620,Larry,Middleweek,lmiddleweekh7@nba.com,male
621,Red,Patise,rpatiseh8@google.com.br,male
622,Clemens,Brunicke,cbrunickeh9@wunderground.com,male
623,Lancelot,Shafto,lshaftoha@netvibes.com,male
624,Meade,Rochewell,mrochewellhb@webnode.com,female
625,Idaline,Bakster,ibaksterhc@nymag.com,female
626,Washington,Mattiello,wmattiellohd@unc.edu,male
627,Tully,O'Doherty,todohertyhe@naver.com,male
628,Tracy,Batson,tbatsonhf@indiegogo.com,female
629,Winni,Lodder,wlodderhg@tumblr.com,female
630,Alexander,Laver,alaverhh@home.pl,male
631,Brocky,Hawse,bhawsehi@goo.ne.jp,male
632,Ulla,Halworth,uhalworthhj@google.co.uk,female
633,Tana,Pordal,tpordalhk@yahoo.co.jp,female
634,Bealle,Mullis,bmullishl@newyorker.com,male
635,Cort,Mancell,cmancellhm@epa.gov,male
636,Averil,Grimsell,agrimsellhn@fema.gov,female
637,Cedric,Culleton,cculletonho@tmall.com,male
638,Raimund,Taffs,rtaffshp@geocities.jp,male
639,Finlay,Delacourt,fdelacourthq@soundcloud.com,male
640,Erick,Jewett,ejewetthr@go.com,male
641,Elenore,Gettins,egettinshs@people.com.cn,female
642,Deirdre,Christon,dchristonht@naver.com,female
643,Sigismond,Frankham,sfrankhamhu@nba.com,male
644,Mano,Hutfield,mhutfieldhv@ft.com,male
645,Marline,Jeppe,mjeppehw@fda.gov,female
646,Curcio,Dennington,cdenningtonhx@slideshare.net,male
647,Merl,Crayke,mcraykehy@list-manage.com,female
648,Alisa,Mumbey,amumbeyhz@nytimes.com,female
649,Land,Kilmurray,lkilmurrayi0@infoseek.co.jp,male
650,Fredrika,Betho,fbethoi1@foxnews.com,female
651,Ferris,Duprey,fdupreyi2@google.nl,male
652,Pryce,Quodling,pquodlingi3@shareasale.com,male
653,Celene,Bebbell,cbebbelli4@yandex.ru,female
654,Vernice,Quilkin,vquilkini5@elpais.com,female
655,Louise,Ridewood,lridewoodi6@amazon.com,female
656,Andi,Firebrace,afirebracei7@vinaora.com,female
657,Shurwood,Serman,ssermani8@nhs.uk,male
658,Brendan,Emmens,bemmensi9@sun.com,male
659,Shelley,Gammidge,sgammidgeia@nasa.gov,male
660,Marwin,Locard,mlocardib@clickbank.net,male
661,Glendon,Olenikov,golenikovic@clickbank.net,male
662,Lorry,Miskimmon,lmiskimmonid@ibm.com,female
663,Lauren,Pierse,lpierseie@washington.edu,male
664,Fredrick,St Quenin,fstqueninif@typepad.com,male
665,Olivier,Armor,oarmorig@msn.com,male
666,Milty,Reynard,mreynardih@g.co,male
667,Cthrine,Shea,csheaii@nifty.com,female
668,Brenden,Ales,balesij@oracle.com,male
669,Devlen,Dionisii,ddionisiiik@aboutads.info,male
670,Roslyn,Wimlett,rwimlettil@infoseek.co.jp,female
671,Guenevere,Loyley,gloyleyim@marketwatch.com,female
672,Sorcha,MacKee,smackeein@samsung.com,female
673,Harley,Mateescu,hmateescuio@jugem.jp,male
674,Kati,Redmille,kredmilleip@w3.org,female
675,Emmalyn,Caven,ecaveniq@dmoz.org,female
676,Ferrell,Baytrop,fbaytropir@rediff.com,male
677,Karine,Folder,kfolderis@i2i.jp,female
678,Evan,Vlasin,evlasinit@howstuffworks.com,male
679,Carroll,Pinilla,cpinillaiu@cdbaby.com,male
680,Lorrin,Held,lheldiv@addthis.com,female
681,Briney,Peniman,bpenimaniw@hhs.gov,female
682,Reginauld,Lacoste,rlacosteix@mediafire.com,male
683,Lyon,Scotchbourouge,lscotchbourougeiy@marriott.com,male
684,Penn,Gentiry,pgentiryiz@businesswire.com,male
685,Pierre,Zukierman,pzukiermanj0@cbsnews.com,male
686,Deidre,Wakely,dwakelyj1@ehow.com,female
687,Kenny,Ebbotts,kebbottsj2@dailymotion.com,male
688,Merrielle,Chagg,mchaggj3@technorati.com,female
689,Guinevere,Gazzard,ggazzardj4@multiply.com,female
690,Lou,Furby,lfurbyj5@pinterest.com,female
691,Evelin,Farenden,efarendenj6@bloomberg.com,male
692,Cristina,McGeagh,cmcgeaghj7@printfriendly.com,female
693,Rufus,Baldree,rbaldreej8@huffingtonpost.com,male
694,Pip,McEnhill,pmcenhillj9@sakura.ne.jp,male
695,Cello,Alston,calstonja@jugem.jp,male
696,Kyla,Yedy,kyedyjb@kickstarter.com,female
697,Erena,Gleder,eglederjc@miibeian.gov.cn,female
698,Juanita,Upston,jupstonjd@pcworld.com,female
699,Marina,Suffe,msuffeje@dmoz.org,female
700,Maribelle,Linck,mlinckjf@unc.edu,female
701,Jessee,Hussey,jhusseyjg@foxnews.com,male
702,Derrek,Waycott,dwaycottjh@chronoengine.com,male
703,Sal,Greste,sgresteji@clickbank.net,female
704,Ollie,Junkinson,ojunkinsonjj@dedecms.com,male
705,Kellyann,Chirm,kchirmjk@edublogs.org,female
706,Ludovika,Baxstar,lbaxstarjl@altervista.org,female
707,Stephannie,Skentelbery,sskentelberyjm@bluehost.com,female
708,Lazar,Scudamore,lscudamorejn@nymag.com,male
709,Baron,Gomes,bgomesjo@cnet.com,male
710,Colin,Kinworthy,ckinworthyjp@nifty.com,male
711,Netta,Vaun,nvaunjq@instagram.com,female
712,Riki,Stych,rstychjr@hatena.ne.jp,female
713,Durand,Philcox,dphilcoxjs@mail.ru,male
714,Cordie,Karlqvist,ckarlqvistjt@nhs.uk,male
715,Ame,Eckert,aeckertju@google.de,female
716,Iago,Cree,icreejv@theguardian.com,male
717,Odele,Insko,oinskojw@bigcartel.com,female
718,Dix,Arnold,darnoldjx@newsvine.com,female
719,Benetta,Dibley,bdibleyjy@va.gov,female
720,Lorna,Brugden,lbrugdenjz@wisc.edu,female
721,Dimitry,Grindle,dgrindlek0@ycombinator.com,male
722,Brantley,Pashan,bpashank1@nytimes.com,male
723,Peterus,Hubane,phubanek2@arizona.edu,male
724,Coraline,Mieville,cmievillek3@ovh.net,female
725,Liv,Espy,lespyk4@vimeo.com,female
726,Valaria,Girsch,vgirschk5@meetup.com,female
727,Gabi,Bridgwood,gbridgwoodk6@samsung.com,male
728,Saleem,Cothey,scotheyk7@webs.com,male
729,Doy,Tallet,dtalletk8@arizona.edu,male
730,Gregoire,Crutchley,gcrutchleyk9@google.fr,male
731,Emmanuel,Corteney,ecorteneyka@techcrunch.com,male
732,Karin,Allright,kallrightkb@bravesites.com,female
733,Letizia,Leeuwerink,lleeuwerinkkc@edublogs.org,female
734,Luise,Pomfret,lpomfretkd@dagondesign.com,female
735,Judas,Grote,jgroteke@google.com,male
736,Augustus,Ellcock,aellcockkf@rambler.ru,male
737,Winthrop,Havard,whavardkg@sbwire.com,male
738,Merrill,Henriquet,mhenriquetkh@amazon.com,male
739,Gideon,Unsworth,gunsworthki@foxnews.com,male
740,Rowney,Brabbs,rbrabbskj@opera.com,male
741,Remy,Schroeder,rschroederkk@hc360.com,female
742,Moss,Rayne,mraynekl@fema.gov,male
743,Loren,Kaveney,lkaveneykm@tmall.com,female
744,Aubert,Hillatt,ahillattkn@seesaa.net,male
745,Agnella,Carde,acardeko@gmpg.org,female
746,Nico,Giller,ngillerkp@deliciousdays.com,male
747,Mortimer,McAreavey,mmcareaveykq@miitbeian.gov.cn,male
748,Noland,Fyers,nfyerskr@cdc.gov,male
749,Irv,Parkeson,iparkesonks@columbia.edu,male
750,Howey,Vicary,hvicarykt@php.net,male
751,Giulia,Mutimer,gmutimerku@e-recht24.de,female
752,Hally,Poulgreen,hpoulgreenkv@barnesandnoble.com,female
753,Kyrstin,Allery,kallerykw@flavors.me,female
754,Sheppard,Sargison,ssargisonkx@jugem.jp,male
755,Stanwood,Radin,sradinky@wufoo.com,male
756,Hartley,Garces,hgarceskz@google.com.hk,male
757,Manolo,Blasetti,mblasettil0@qq.com,male
758,Carmine,Ferris,cferrisl1@businesswire.com,female
759,Heida,Morfell,hmorfelll2@bbb.org,female
760,Clyde,Coope,ccoopel3@shutterfly.com,male
761,Amos,Reignolds,areignoldsl4@disqus.com,male
762,Gardiner,Wadlow,gwadlowl5@friendfeed.com,male
763,Fraser,Mont,fmontl6@cdc.gov,male
764,Adora,Clulow,aclulowl7@blogger.com,female
765,Luce,Adanez,ladanezl8@cargocollective.com,male
766,Jamill,Beeke,jbeekel9@google.co.jp,male
767,Cariotta,Stileman,cstilemanla@miitbeian.gov.cn,female
768,Maddy,Coleridge,mcoleridgelb@phoca.cz,male
769,Grantham,Hymas,ghymaslc@ft.com,male
770,Alic,Simmens,asimmensld@wp.com,male
771,Anderson,Skitt,askittle@patch.com,male
772,Carver,Farnish,cfarnishlf@marriott.com,male
773,Addison,Collington,acollingtonlg@alibaba.com,male
774,Norene,Berringer,nberringerlh@globo.com,female
775,Dasya,Towlson,dtowlsonli@purevolume.com,female
776,Emmit,Ogden,eogdenlj@goo.ne.jp,male
777,Stormie,Mathon,smathonlk@opensource.org,female
778,Bart,Chilcotte,bchilcottell@technorati.com,male
779,Goddard,Nannetti,gnannettilm@reuters.com,male
780,Gabbie,Enrich,genrichln@angelfire.com,female
781,Ellary,Heselwood,eheselwoodlo@engadget.com,male
782,Richmond,Phillcox,rphillcoxlp@aboutads.info,male
783,Dell,Wyvill,dwyvilllq@pbs.org,male
784,Barn,Arcase,barcaselr@wikispaces.com,male
785,Maxine,Yankin,myankinls@msn.com,female
786,Galven,Funnell,gfunnelllt@flavors.me,male
787,Shay,Aireton,sairetonlu@ucoz.com,female
788,Sherri,Itscowicz,sitscowiczlv@cyberchimps.com,female
789,Rosene,Wilfing,rwilfinglw@washington.edu,female
790,Drusi,Parry,dparrylx@epa.gov,female
791,Edin,Challis,echallisly@diigo.com,female
792,Cymbre,Gulc,cgulclz@house.gov,female
793,Lonee,Biaggi,lbiaggim0@1und1.de,female
794,Latrina,Charles,lcharlesm1@weibo.com,female
795,Jerri,Joskowitz,jjoskowitzm2@freewebs.com,male
796,Scarlett,Tangye,stangyem3@mtv.com,female
797,Shermy,Luetkemeyers,sluetkemeyersm4@fema.gov,male
798,Albert,Habard,ahabardm5@hostgator.com,male
799,Parker,Metcalf,pmetcalfm6@europa.eu,male
800,Rossie,Molden,rmoldenm7@prweb.com,male
801,Diann,Ellaman,dellamanm8@ted.com,female
802,Evered,Secombe,esecombem9@dell.com,male
803,Allin,Tremayne,atremaynema@privacy.gov.au,male
804,Lyndsey,Scottrell,lscottrellmb@yellowbook.com,female
805,Steven,Skains,sskainsmc@accuweather.com,male
806,Laurens,Bagwell,lbagwellmd@ameblo.jp,male
807,Niel,Dissman,ndissmanme@jugem.jp,male
808,Hettie,Ceci,hcecimf@t.co,female
809,Kinny,Uden,kudenmg@yolasite.com,male
810,Ellis,Greenhow,egreenhowmh@examiner.com,male
811,Braden,Baynam,bbaynammi@sphinn.com,male
812,Octavius,Antonio,oantoniomj@wiley.com,male
813,Lea,Stitwell,lstitwellmk@businessweek.com,female
814,Freeland,Easterling,feasterlingml@wunderground.com,male
815,Clarita,Starbucke,cstarbuckemm@twitpic.com,female
816,Saundra,Weedall,sweedallmn@nydailynews.com,male
817,Cyndia,Henrichs,chenrichsmo@webs.com,female
818,Creighton,Webster,cwebstermp@tumblr.com,male
819,Florentia,Mullan,fmullanmq@360.cn,female
820,Melamie,Martelet,mmarteletmr@weibo.com,female
821,Allyn,Janata,ajanatams@flavors.me,male
822,Jeanie,Peppard,jpeppardmt@google.pl,female
823,Horst,Vanyushkin,hvanyushkinmu@themeforest.net,male
824,June,Cleeton,jcleetonmv@wisc.edu,female
825,Dannie,Baudinelli,dbaudinellimw@addtoany.com,male
826,Kip,Argyle,kargylemx@weather.com,male
827,Annmarie,Zannutti,azannuttimy@4shared.com,female
828,Leland,Gantzer,lgantzermz@springer.com,male
829,Anissa,McClinton,amcclintonn0@webeden.co.uk,female
830,Darcie,McDuffy,dmcduffyn1@digg.com,female
831,Freddie,Catterson,fcattersonn2@java.com,male
832,Sallee,Vann,svannn3@sfgate.com,female
833,Haze,Mushrow,hmushrown4@census.gov,male
834,Katalin,Lenchenko,klenchenkon5@reference.com,female
835,Harman,Romaint,hromaintn6@wix.com,male
836,Chaunce,Teale,ctealen7@virginia.edu,male
837,Whitney,Beauly,wbeaulyn8@nydailynews.com,female
838,Chery,Caple,ccaplen9@cargocollective.com,female
839,Jelene,Halvosen,jhalvosenna@moonfruit.com,female
840,Maressa,Starton,mstartonnb@arizona.edu,female
841,Maighdiln,Mountjoy,mmountjoync@blogspot.com,female
842,Tan,Moncrieffe,tmoncrieffend@ebay.com,male
843,Amy,Antonchik,aantonchikne@house.gov,female
844,Iago,Linskey,ilinskeynf@shutterfly.com,male
845,Sheppard,Looks,slooksng@pagesperso-orange.fr,male
846,Dannie,Reubens,dreubensnh@github.io,female
847,Cathryn,Screas,cscreasni@hugedomains.com,female
848,Nico,Acock,nacocknj@accuweather.com,male
849,Cyndia,Cullinane,ccullinanenk@homestead.com,female
850,Selle,Mathivon,smathivonnl@businessweek.com,female
851,Garwin,Quinton,gquintonnm@dell.com,male
852,Richart,Tomczynski,rtomczynskinn@dot.gov,male
853,Aimil,Bazire,abazireno@tinypic.com,female
854,Auria,Inold,ainoldnp@desdev.cn,female
855,Devy,Rowbotham,drowbothamnq@imageshack.us,male
856,Goldie,Ardron,gardronnr@skyrock.com,female
857,Dasha,Doudney,ddoudneyns@stumbleupon.com,female
858,Lucienne,Bishop,lbishopnt@delicious.com,female
859,Grover,Schoular,gschoularnu@com.com,male
860,Stan,Crocroft,scrocroftnv@twitter.com,male
861,Tandy,Blything,tblythingnw@omniture.com,female
862,Kellby,Bullerwell,kbullerwellnx@utexas.edu,male
863,Jo-anne,Benda,jbendany@nifty.com,female
864,Iris,Blaycock,iblaycocknz@columbia.edu,female
865,Corbin,Bradburne,cbradburneo0@europa.eu,male
866,Odelle,Dunsmore,odunsmoreo1@xing.com,female
867,Octavius,Balden,obaldeno2@who.int,male
868,Adolphus,Rossbrooke,arossbrookeo3@ask.com,male
869,Bowie,Harse,bharseo4@yelp.com,male
870,Jordanna,Dorro,jdorroo5@nsw.gov.au,female
871,Lin,Vasilyevski,lvasilyevskio6@miitbeian.gov.cn,female
872,Alina,Yacob,ayacobo7@cloudflare.com,female
873,Keri,Offield,koffieldo8@ebay.com,female
874,Ellyn,Brims,ebrimso9@aboutads.info,female
875,Candice,Jope,cjopeoa@mapy.cz,female
876,Philippine,Ohlsen,pohlsenob@economist.com,female
877,Heinrick,Wey,hweyoc@imgur.com,male
878,Wilow,Gabbidon,wgabbidonod@auda.org.au,female
879,Symon,Dechelle,sdechelleoe@wiley.com,male
880,Shanan,Drover,sdroverof@furl.net,male
881,Upton,Noel,unoelog@tuttocitta.it,male
882,Sioux,Logan,sloganoh@gov.uk,female
883,Shannan,Bedo,sbedooi@kickstarter.com,male
884,Verge,Conerding,vconerdingoj@jalbum.net,male
885,Mehetabel,Olenchenko,molenchenkook@friendfeed.com,female
886,Tynan,Aronowitz,taronowitzol@prlog.org,male
887,Benton,Geldart,bgeldartom@gnu.org,male
888,Lukas,McGaugey,lmcgaugeyon@nsw.gov.au,male
889,Gawen,Palethorpe,gpalethorpeoo@nsw.gov.au,male
890,Caryn,Haw,chawop@imageshack.us,female
891,Sigvard,Kelner,skelneroq@google.com.au,male
892,Ken,Sporrij,ksporrijor@oracle.com,male
893,Laina,Jouannot,ljouannotos@drupal.org,female
894,Aeriel,Evetts,aevettsot@examiner.com,female
895,Florencia,Haighton,fhaightonou@google.de,female
896,Liane,Madgwick,lmadgwickov@hud.gov,female
897,Hill,Joannidi,hjoannidiow@hugedomains.com,male
898,Menard,Titheridge,mtitheridgeox@unc.edu,male
899,Maggy,De Filippis,mdefilippisoy@yahoo.com,female
900,Kimberli,Tolcher,ktolcheroz@tiny.cc,female
901,Shandra,Torresi,storresip0@mac.com,female
902,Tucky,Shorto,tshortop1@oakley.com,male
903,Killian,Rachuig,krachuigp2@networkadvertising.org,male
904,Vonny,Tassaker,vtassakerp3@msn.com,female
905,Gwenni,Geraudel,ggeraudelp4@latimes.com,female
906,Darla,Petrowsky,dpetrowskyp5@prlog.org,female
907,Rochester,Smees,rsmeesp6@princeton.edu,male
908,Forster,Drogan,fdroganp7@comcast.net,male
909,Chryste,Dalloway,cdallowayp8@independent.co.uk,female
910,Jordana,Tailby,jtailbyp9@newyorker.com,female
911,Gerrard,Miller,gmillerpa@icio.us,male
912,Abner,Ramberg,arambergpb@mozilla.org,male
913,Jordon,Ungerecht,jungerechtpc@paginegialle.it,male
914,Reinold,Blodgett,rblodgettpd@ucoz.com,male
915,Frannie,Jacobovitch,fjacobovitchpe@geocities.jp,female
916,Lorilee,Mussetti,lmussettipf@sfgate.com,female
917,Jolee,Farey,jfareypg@cam.ac.uk,female
918,Maddie,Osban,mosbanph@etsy.com,male
919,Gussi,Hockell,ghockellpi@tripod.com,female
920,Traver,Taggett,ttaggettpj@home.pl,male
921,Selene,Petrolli,spetrollipk@meetup.com,female
922,Malchy,Tredget,mtredgetpl@dropbox.com,male
923,Mitzi,Blackford,mblackfordpm@topsy.com,female
924,Quinta,MacTerlagh,qmacterlaghpn@shinystat.com,female
925,Merrill,Barraclough,mbarracloughpo@pagesperso-orange.fr,female
926,Kriste,Danielian,kdanielianpp@simplemachines.org,female
927,Robinetta,Danko,rdankopq@livejournal.com,female
928,Cesya,Beacroft,cbeacroftpr@chron.com,female
929,Daffie,Albers,dalbersps@bizjournals.com,female
930,Pincas,Hurt,phurtpt@jimdo.com,male
931,Feliza,Coveney,fcoveneypu@adobe.com,female
932,Nisse,Ricold,nricoldpv@ed.gov,female
933,Helsa,Vasyaev,hvasyaevpw@studiopress.com,female
934,Ruben,Woonton,rwoontonpx@accuweather.com,male
935,Humfrey,Trubshawe,htrubshawepy@washingtonpost.com,male
936,Maible,Grave,mgravepz@xrea.com,female
937,Ezra,Sawdon,esawdonq0@fotki.com,male
938,Hunter,Yeowell,hyeowellq1@behance.net,male
939,Maureene,Shilliday,mshillidayq2@mayoclinic.com,female
940,Anne,Rix,arixq3@sourceforge.net,female
941,Duff,Benterman,dbentermanq4@skyrock.com,male
942,Rebeca,Ommundsen,rommundsenq5@google.es,female
943,Calhoun,Wykey,cwykeyq6@51.la,male
944,Giffie,Kingsnoad,gkingsnoadq7@devhub.com,male
945,Rosaline,Coom,rcoomq8@squidoo.com,female
946,Riobard,Canada,rcanadaq9@ustream.tv,male
947,Rory,Kelby,rkelbyqa@imageshack.us,male
948,Kylen,Livingstone,klivingstoneqb@smh.com.au,female
949,Arte,Brimble,abrimbleqc@tumblr.com,male
950,Vi,Revelle,vrevelleqd@businessweek.com,female
951,Huey,Bennoe,hbennoeqe@123-reg.co.uk,male
952,Tandy,Barwis,tbarwisqf@51.la,female
953,Somerset,McNickle,smcnickleqg@scientificamerican.com,male
954,Stacee,Gewer,sgewerqh@tumblr.com,male
955,Burtie,Bruna,bbrunaqi@fotki.com,male
956,Rodolfo,Bissell,rbissellqj@joomla.org,male
957,Berny,Jollye,bjollyeqk@jigsy.com,female
958,Tildi,Ridsdale,tridsdaleql@hud.gov,female
959,Humfrid,Hullin,hhullinqm@berkeley.edu,male
960,Kath,Hellmore,khellmoreqn@cnn.com,female
961,Ephraim,Reding,eredingqo@baidu.com,male
962,Xenia,Thom,xthomqp@odnoklassniki.ru,female
963,Wallace,Yanez,wyanezqq@nhs.uk,male
964,Bancroft,Cozby,bcozbyqr@ucoz.com,male
965,Kimble,Eyes,keyesqs@opensource.org,male
966,Chan,Jacobowicz,cjacobowiczqt@twitpic.com,male
967,Erick,Hrynczyk,ehrynczykqu@walmart.com,male
968,Amery,Bolzmann,abolzmannqv@so-net.ne.jp,male
969,Lefty,Templeton,ltempletonqw@devhub.com,male
970,Barret,Macvain,bmacvainqx@apple.com,male
971,Ileana,Goldhill,igoldhillqy@about.com,female
972,Patten,Arniz,parnizqz@fda.gov,male
973,Burg,Berardt,bberardtr0@va.gov,male
974,Nessy,Povlsen,npovlsenr1@bravesites.com,female
975,Consuela,Jaggs,cjaggsr2@psu.edu,female
976,Genna,Gooderham,ggooderhamr3@google.com.br,female
977,Mavra,Smellie,msmellier4@nytimes.com,female
978,Wally,Roantree,wroantreer5@i2i.jp,female
979,Marcellus,Galliford,mgallifordr6@dailymail.co.uk,male
980,Giffer,Schanke,gschanker7@topsy.com,male
981,Analise,Corner,acornerr8@salon.com,female
982,Ab,Martini,amartinir9@imdb.com,male
983,Luce,Eilhersen,leilhersenra@ibm.com,female
984,Jourdan,Shanks,jshanksrb@blogger.com,female
985,Lanny,Showen,lshowenrc@odnoklassniki.ru,male
986,Josias,Mager,jmagerrd@admin.ch,male
987,Enrica,Casford,ecasfordre@rambler.ru,female
988,Sharron,McLellan,smclellanrf@amazon.co.uk,female
989,Alric,Lugsdin,alugsdinrg@skyrock.com,male
990,Morley,Ouslem,mouslemrh@google.com.br,male
991,Myrvyn,Hillitt,mhillittri@cdc.gov,male
992,Klarika,Talby,ktalbyrj@oakley.com,female
993,Bradford,Ixer,bixerrk@usatoday.com,male
994,Cal,Dallan,cdallanrl@cargocollective.com,male
995,Emmie,O'Kennavain,eokennavainrm@wisc.edu,female
996,Martainn,Currer,mcurrerrn@gov.uk,male
997,Harmon,Calltone,hcalltonero@ameblo.jp,male
998,Alf,Bilston,abilstonrp@studiopress.com,male
999,Lenette,Di Maggio,ldimaggiorq@dailymotion.com,female
1000,Lucine,MacCallam,lmaccallamrr@nymag.com,female
